repo,file,exists,size_bytes,mtime_epoch,ref_size_bytes,ref_mtime_epoch,size_match,mtime_match,content_match,diff_lines,diff_file
2048,AGENTS.md,1,125012,1773478020,125012,1773467799,1,0,1,0,
2048,.github/copilot-instructions.md,1,8769,1773478020,8769,1773467769,1,0,1,0,
2048,.github/workflows/quality.yml,1,753,1773384483,753,1773384483,1,1,1,0,
2048,.github/workflows/validate.yml,1,3814,1773477729,3814,1773469718,1,0,1,0,
2048,.github/instructions/01-build.instructions.md,1,3303,1773477728,3303,1773422836,1,0,1,0,
2048,.github/instructions/02-frontend.instructions.md,1,3609,1773422955,3609,1773422836,1,0,1,0,
2048,.github/instructions/03-electron.instructions.md,1,2918,1773477728,2918,1773422836,1,0,1,0,
2048,.github/instructions/04-capacitor.instructions.md,1,2823,1773422955,2823,1773422836,1,0,1,0,
2048,.github/instructions/05-wasm.instructions.md,1,3232,1773477729,3232,1773467791,1,0,1,0,
2048,.github/instructions/06-responsive.instructions.md,1,11514,1773423285,11514,1773420357,1,0,1,0,
2048,.github/instructions/07-ai-orchestration.instructions.md,1,10240,1773477729,10240,1773469710,1,0,1,0,
2048,.github/instructions/08-input-controls.instructions.md,1,10632,1773422955,10632,1773383503,1,0,1,0,
2048,.github/instructions/09-wcag-accessibility.instructions.md,1,4427,1773470403,4427,1773460491,1,0,1,0,
2048,.github/instructions/10-security.instructions.md,1,3747,1773470403,3747,1773460503,1,0,1,0,
2048,.github/instructions/11-performance.instructions.md,1,3700,1773470403,3700,1773460514,1,0,1,0,
2048,.github/instructions/12-error-handling.instructions.md,1,3075,1773470403,3075,1773460523,1,0,1,0,
2048,.github/instructions/13-mobile-gestures.instructions.md,1,3701,1773470403,3701,1773460528,1,0,1,0,
ad-network,AGENTS.md,1,125012,1773478020,125012,1773467799,1,0,1,0,
ad-network,.github/copilot-instructions.md,1,8769,1773478020,8769,1773467769,1,0,1,0,
ad-network,.github/workflows/quality.yml,1,753,1773477729,753,1773384483,1,0,1,0,
ad-network,.github/workflows/validate.yml,1,3814,1773477729,3814,1773469718,1,0,1,0,
ad-network,.github/instructions/01-build.instructions.md,1,3303,1773477729,3303,1773422836,1,0,1,0,
ad-network,.github/instructions/02-frontend.instructions.md,1,3609,1773477729,3609,1773422836,1,0,1,0,
ad-network,.github/instructions/03-electron.instructions.md,1,2918,1773477729,2918,1773422836,1,0,1,0,
ad-network,.github/instructions/04-capacitor.instructions.md,1,2823,1773477729,2823,1773422836,1,0,1,0,
ad-network,.github/instructions/05-wasm.instructions.md,1,3232,1773477729,3232,1773467791,1,0,1,0,
ad-network,.github/instructions/06-responsive.instructions.md,1,11514,1773477729,11514,1773420357,1,0,1,0,
ad-network,.github/instructions/07-ai-orchestration.instructions.md,1,10240,1773477729,10240,1773469710,1,0,1,0,
ad-network,.github/instructions/08-input-controls.instructions.md,1,10632,1773383502,10632,1773383503,1,0,1,0,
ad-network,.github/instructions/09-wcag-accessibility.instructions.md,1,4427,1773477729,4427,1773460491,1,0,1,0,
ad-network,.github/instructions/10-security.instructions.md,1,3747,1773477729,3747,1773460503,1,0,1,0,
ad-network,.github/instructions/11-performance.instructions.md,1,3700,1773477729,3700,1773460514,1,0,1,0,
ad-network,.github/instructions/12-error-handling.instructions.md,1,3075,1773477729,3075,1773460523,1,0,1,0,
ad-network,.github/instructions/13-mobile-gestures.instructions.md,1,3701,1773477729,3701,1773460528,1,0,1,0,
ads-api,AGENTS.md,1,125012,1773478020,125012,1773467799,1,0,1,0,
ads-api,.github/copilot-instructions.md,1,8769,1773478020,8769,1773467769,1,0,1,0,
ads-api,.github/workflows/quality.yml,1,753,1773384483,753,1773384483,1,1,1,0,
ads-api,.github/workflows/validate.yml,1,3814,1773477730,3814,1773469718,1,0,1,0,
ads-api,.github/instructions/01-build.instructions.md,1,3303,1773477729,3303,1773422836,1,0,1,0,
ads-api,.github/instructions/02-frontend.instructions.md,1,3609,1773477730,3609,1773422836,1,0,1,0,
ads-api,.github/instructions/03-electron.instructions.md,1,2918,1773477730,2918,1773422836,1,0,1,0,
ads-api,.github/instructions/04-capacitor.instructions.md,1,2823,1773477730,2823,1773422836,1,0,1,0,
ads-api,.github/instructions/05-wasm.instructions.md,1,3232,1773477730,3232,1773467791,1,0,1,0,
ads-api,.github/instructions/06-responsive.instructions.md,1,11514,1773477730,11514,1773420357,1,0,1,0,
ads-api,.github/instructions/07-ai-orchestration.instructions.md,1,10240,1773477730,10240,1773469710,1,0,1,0,
ads-api,.github/instructions/08-input-controls.instructions.md,1,10632,1773383502,10632,1773383503,1,0,1,0,
ads-api,.github/instructions/09-wcag-accessibility.instructions.md,1,4427,1773477730,4427,1773460491,1,0,1,0,
ads-api,.github/instructions/10-security.instructions.md,1,3747,1773477730,3747,1773460503,1,0,1,0,
ads-api,.github/instructions/11-performance.instructions.md,1,3700,1773477730,3700,1773460514,1,0,1,0,
ads-api,.github/instructions/12-error-handling.instructions.md,1,3075,1773477730,3075,1773460523,1,0,1,0,
ads-api,.github/instructions/13-mobile-gestures.instructions.md,1,3701,1773477730,3701,1773460528,1,0,1,0,
battleship,AGENTS.md,1,125012,1773478020,125012,1773467799,1,0,1,0,
battleship,.github/copilot-instructions.md,1,8769,1773478020,8769,1773467769,1,0,1,0,
battleship,.github/workflows/quality.yml,1,753,1773384483,753,1773384483,1,1,1,0,
battleship,.github/workflows/validate.yml,1,3814,1773477730,3814,1773469718,1,0,1,0,
battleship,.github/instructions/01-build.instructions.md,1,3303,1773470452,3303,1773422836,1,0,1,0,
battleship,.github/instructions/02-frontend.instructions.md,1,3609,1773470452,3609,1773422836,1,0,1,0,
battleship,.github/instructions/03-electron.instructions.md,1,2918,1773470452,2918,1773422836,1,0,1,0,
battleship,.github/instructions/04-capacitor.instructions.md,1,2823,1773470452,2823,1773422836,1,0,1,0,
battleship,.github/instructions/05-wasm.instructions.md,1,3232,1773470452,3232,1773467791,1,0,1,0,
battleship,.github/instructions/06-responsive.instructions.md,1,11514,1773470452,11514,1773420357,1,0,1,0,
battleship,.github/instructions/07-ai-orchestration.instructions.md,1,10240,1773470452,10240,1773469710,1,0,1,0,
battleship,.github/instructions/08-input-controls.instructions.md,1,10632,1773470452,10632,1773383503,1,0,1,0,
battleship,.github/instructions/09-wcag-accessibility.instructions.md,1,4427,1773470452,4427,1773460491,1,0,1,0,
battleship,.github/instructions/10-security.instructions.md,1,3747,1773470452,3747,1773460503,1,0,1,0,
battleship,.github/instructions/11-performance.instructions.md,1,3700,1773470453,3700,1773460514,1,0,1,0,
battleship,.github/instructions/12-error-handling.instructions.md,1,3075,1773470453,3075,1773460523,1,0,1,0,
battleship,.github/instructions/13-mobile-gestures.instructions.md,1,3701,1773470453,3701,1773460528,1,0,1,0,
billing-api,AGENTS.md,1,125012,1773478020,125012,1773467799,1,0,1,0,
billing-api,.github/copilot-instructions.md,1,8769,1773478020,8769,1773467769,1,0,1,0,
billing-api,.github/workflows/quality.yml,1,753,1773384483,753,1773384483,1,1,1,0,
billing-api,.github/workflows/validate.yml,1,3814,1773477731,3814,1773469718,1,0,1,0,
billing-api,.github/instructions/01-build.instructions.md,1,3303,1773477731,3303,1773422836,1,0,1,0,
billing-api,.github/instructions/02-frontend.instructions.md,1,3609,1773477731,3609,1773422836,1,0,1,0,
billing-api,.github/instructions/03-electron.instructions.md,1,2918,1773477731,2918,1773422836,1,0,1,0,
billing-api,.github/instructions/04-capacitor.instructions.md,1,2823,1773477731,2823,1773422836,1,0,1,0,
billing-api,.github/instructions/05-wasm.instructions.md,1,3232,1773477731,3232,1773467791,1,0,1,0,
billing-api,.github/instructions/06-responsive.instructions.md,1,11514,1773477731,11514,1773420357,1,0,1,0,
billing-api,.github/instructions/07-ai-orchestration.instructions.md,1,10240,1773477731,10240,1773469710,1,0,1,0,
billing-api,.github/instructions/08-input-controls.instructions.md,1,10632,1773383502,10632,1773383503,1,0,1,0,
billing-api,.github/instructions/09-wcag-accessibility.instructions.md,1,4427,1773477731,4427,1773460491,1,0,1,0,
billing-api,.github/instructions/10-security.instructions.md,1,3747,1773477731,3747,1773460503,1,0,1,0,
billing-api,.github/instructions/11-performance.instructions.md,1,3700,1773477731,3700,1773460514,1,0,1,0,
billing-api,.github/instructions/12-error-handling.instructions.md,1,3075,1773477731,3075,1773460523,1,0,1,0,
billing-api,.github/instructions/13-mobile-gestures.instructions.md,1,3701,1773477731,3701,1773460528,1,0,1,0,
bunco,AGENTS.md,1,125012,1773478020,125012,1773467799,1,0,1,0,
bunco,.github/copilot-instructions.md,1,8769,1773478020,8769,1773467769,1,0,1,0,
bunco,.github/workflows/quality.yml,1,753,1773477732,753,1773384483,1,0,1,0,
bunco,.github/workflows/validate.yml,1,3814,1773477732,3814,1773469718,1,0,1,0,
bunco,.github/instructions/01-build.instructions.md,1,3303,1773470461,3303,1773422836,1,0,1,0,
bunco,.github/instructions/02-frontend.instructions.md,1,3609,1773470461,3609,1773422836,1,0,1,0,
bunco,.github/instructions/03-electron.instructions.md,1,2918,1773470461,2918,1773422836,1,0,1,0,
bunco,.github/instructions/04-capacitor.instructions.md,1,2823,1773470461,2823,1773422836,1,0,1,0,
bunco,.github/instructions/05-wasm.instructions.md,1,3232,1773470461,3232,1773467791,1,0,1,0,
bunco,.github/instructions/06-responsive.instructions.md,1,11514,1773470461,11514,1773420357,1,0,1,0,
bunco,.github/instructions/07-ai-orchestration.instructions.md,1,10240,1773470462,10240,1773469710,1,0,1,0,
bunco,.github/instructions/08-input-controls.instructions.md,1,10632,1773470462,10632,1773383503,1,0,1,0,
bunco,.github/instructions/09-wcag-accessibility.instructions.md,1,4427,1773470462,4427,1773460491,1,0,1,0,
bunco,.github/instructions/10-security.instructions.md,1,3747,1773470462,3747,1773460503,1,0,1,0,
bunco,.github/instructions/11-performance.instructions.md,1,3700,1773470462,3700,1773460514,1,0,1,0,
bunco,.github/instructions/12-error-handling.instructions.md,1,3075,1773470462,3075,1773460523,1,0,1,0,
bunco,.github/instructions/13-mobile-gestures.instructions.md,1,3701,1773470462,3701,1773460528,1,0,1,0,
cee-lo,AGENTS.md,1,125012,1773478020,125012,1773467799,1,0,1,0,
cee-lo,.github/copilot-instructions.md,1,8769,1773478020,8769,1773467769,1,0,1,0,
cee-lo,.github/workflows/quality.yml,1,753,1773477733,753,1773384483,1,0,1,0,
cee-lo,.github/workflows/validate.yml,1,3814,1773477733,3814,1773469718,1,0,1,0,
cee-lo,.github/instructions/01-build.instructions.md,1,3303,1773477732,3303,1773422836,1,0,1,0,
cee-lo,.github/instructions/02-frontend.instructions.md,1,3609,1773422956,3609,1773422836,1,0,1,0,
cee-lo,.github/instructions/03-electron.instructions.md,1,2918,1773477732,2918,1773422836,1,0,1,0,
cee-lo,.github/instructions/04-capacitor.instructions.md,1,2823,1773422956,2823,1773422836,1,0,1,0,
cee-lo,.github/instructions/05-wasm.instructions.md,1,3232,1773477732,3232,1773467791,1,0,1,0,
cee-lo,.github/instructions/06-responsive.instructions.md,1,11514,1773423285,11514,1773420357,1,0,1,0,
cee-lo,.github/instructions/07-ai-orchestration.instructions.md,1,10240,1773477732,10240,1773469710,1,0,1,0,
cee-lo,.github/instructions/08-input-controls.instructions.md,1,10632,1773422956,10632,1773383503,1,0,1,0,
cee-lo,.github/instructions/09-wcag-accessibility.instructions.md,1,4427,1773465450,4427,1773460491,1,0,1,0,
cee-lo,.github/instructions/10-security.instructions.md,1,3747,1773465450,3747,1773460503,1,0,1,0,
cee-lo,.github/instructions/11-performance.instructions.md,1,3700,1773465450,3700,1773460514,1,0,1,0,
cee-lo,.github/instructions/12-error-handling.instructions.md,1,3075,1773465450,3075,1773460523,1,0,1,0,
cee-lo,.github/instructions/13-mobile-gestures.instructions.md,1,3701,1773465450,3701,1773460528,1,0,1,0,
checkers,AGENTS.md,1,125012,1773478020,125012,1773467799,1,0,1,0,
checkers,.github/copilot-instructions.md,1,8769,1773478020,8769,1773467769,1,0,1,0,
checkers,.github/workflows/quality.yml,1,753,1773384483,753,1773384483,1,1,1,0,
checkers,.github/workflows/validate.yml,1,3814,1773477734,3814,1773469718,1,0,1,0,
checkers,.github/instructions/01-build.instructions.md,1,3303,1773470468,3303,1773422836,1,0,1,0,
checkers,.github/instructions/02-frontend.instructions.md,1,3609,1773470468,3609,1773422836,1,0,1,0,
checkers,.github/instructions/03-electron.instructions.md,1,2918,1773470468,2918,1773422836,1,0,1,0,
checkers,.github/instructions/04-capacitor.instructions.md,1,2823,1773470468,2823,1773422836,1,0,1,0,
checkers,.github/instructions/05-wasm.instructions.md,1,3232,1773470468,3232,1773467791,1,0,1,0,
checkers,.github/instructions/06-responsive.instructions.md,1,11514,1773470468,11514,1773420357,1,0,1,0,
checkers,.github/instructions/07-ai-orchestration.instructions.md,1,10240,1773470468,10240,1773469710,1,0,1,0,
checkers,.github/instructions/08-input-controls.instructions.md,1,10632,1773470468,10632,1773383503,1,0,1,0,
checkers,.github/instructions/09-wcag-accessibility.instructions.md,1,4427,1773470481,4427,1773460491,1,0,1,0,
checkers,.github/instructions/10-security.instructions.md,1,3747,1773470481,3747,1773460503,1,0,1,0,
checkers,.github/instructions/11-performance.instructions.md,1,3700,1773470481,3700,1773460514,1,0,1,0,
checkers,.github/instructions/12-error-handling.instructions.md,1,3075,1773470481,3075,1773460523,1,0,1,0,
checkers,.github/instructions/13-mobile-gestures.instructions.md,1,3701,1773470481,3701,1773460528,1,0,1,0,
chicago,AGENTS.md,1,125012,1773478020,125012,1773467799,1,0,1,0,
chicago,.github/copilot-instructions.md,1,8769,1773478021,8769,1773467769,1,0,1,0,
chicago,.github/workflows/quality.yml,1,753,1773477734,753,1773384483,1,0,1,0,
chicago,.github/workflows/validate.yml,1,3814,1773477734,3814,1773469718,1,0,1,0,
chicago,.github/instructions/01-build.instructions.md,1,3303,1773477734,3303,1773422836,1,0,1,0,
chicago,.github/instructions/02-frontend.instructions.md,1,3609,1773422956,3609,1773422836,1,0,1,0,
chicago,.github/instructions/03-electron.instructions.md,1,2918,1773477734,2918,1773422836,1,0,1,0,
chicago,.github/instructions/04-capacitor.instructions.md,1,2823,1773422956,2823,1773422836,1,0,1,0,
chicago,.github/instructions/05-wasm.instructions.md,1,3232,1773477734,3232,1773467791,1,0,1,0,
chicago,.github/instructions/06-responsive.instructions.md,1,11514,1773423285,11514,1773420357,1,0,1,0,
chicago,.github/instructions/07-ai-orchestration.instructions.md,1,10240,1773477734,10240,1773469710,1,0,1,0,
chicago,.github/instructions/08-input-controls.instructions.md,1,10632,1773422957,10632,1773383503,1,0,1,0,
chicago,.github/instructions/09-wcag-accessibility.instructions.md,1,4427,1773465451,4427,1773460491,1,0,1,0,
chicago,.github/instructions/10-security.instructions.md,1,3747,1773465451,3747,1773460503,1,0,1,0,
chicago,.github/instructions/11-performance.instructions.md,1,3700,1773465451,3700,1773460514,1,0,1,0,
chicago,.github/instructions/12-error-handling.instructions.md,1,3075,1773465451,3075,1773460523,1,0,1,0,
chicago,.github/instructions/13-mobile-gestures.instructions.md,1,3701,1773465451,3701,1773460528,1,0,1,0,
cho-han,AGENTS.md,1,125012,1773478021,125012,1773467799,1,0,1,0,
cho-han,.github/copilot-instructions.md,1,8769,1773478021,8769,1773467769,1,0,1,0,
cho-han,.github/workflows/quality.yml,1,753,1773477735,753,1773384483,1,0,1,0,
cho-han,.github/workflows/validate.yml,1,3814,1773477735,3814,1773469718,1,0,1,0,
cho-han,.github/instructions/01-build.instructions.md,1,3303,1773477734,3303,1773422836,1,0,1,0,
cho-han,.github/instructions/02-frontend.instructions.md,1,3609,1773422957,3609,1773422836,1,0,1,0,
cho-han,.github/instructions/03-electron.instructions.md,1,2918,1773477734,2918,1773422836,1,0,1,0,
cho-han,.github/instructions/04-capacitor.instructions.md,1,2823,1773422957,2823,1773422836,1,0,1,0,
cho-han,.github/instructions/05-wasm.instructions.md,1,3232,1773477734,3232,1773467791,1,0,1,0,
cho-han,.github/instructions/06-responsive.instructions.md,1,11514,1773423285,11514,1773420357,1,0,1,0,
cho-han,.github/instructions/07-ai-orchestration.instructions.md,1,10240,1773477734,10240,1773469710,1,0,1,0,
cho-han,.github/instructions/08-input-controls.instructions.md,1,10632,1773422957,10632,1773383503,1,0,1,0,
cho-han,.github/instructions/09-wcag-accessibility.instructions.md,1,4427,1773465451,4427,1773460491,1,0,1,0,
cho-han,.github/instructions/10-security.instructions.md,1,3747,1773465451,3747,1773460503,1,0,1,0,
cho-han,.github/instructions/11-performance.instructions.md,1,3700,1773465451,3700,1773460514,1,0,1,0,
cho-han,.github/instructions/12-error-handling.instructions.md,1,3075,1773465451,3075,1773460523,1,0,1,0,
cho-han,.github/instructions/13-mobile-gestures.instructions.md,1,3701,1773465451,3701,1773460528,1,0,1,0,
connect-four,AGENTS.md,1,125012,1773478021,125012,1773467799,1,0,1,0,
connect-four,.github/copilot-instructions.md,1,8769,1773478021,8769,1773467769,1,0,1,0,
connect-four,.github/workflows/quality.yml,1,753,1773384483,753,1773384483,1,1,1,0,
connect-four,.github/workflows/validate.yml,1,3814,1773477735,3814,1773469718,1,0,1,0,
connect-four,.github/instructions/01-build.instructions.md,1,3303,1773470475,3303,1773422836,1,0,1,0,
connect-four,.github/instructions/02-frontend.instructions.md,1,3609,1773470475,3609,1773422836,1,0,1,0,
connect-four,.github/instructions/03-electron.instructions.md,1,2918,1773470475,2918,1773422836,1,0,1,0,
connect-four,.github/instructions/04-capacitor.instructions.md,1,2823,1773470475,2823,1773422836,1,0,1,0,
connect-four,.github/instructions/05-wasm.instructions.md,1,3232,1773470475,3232,1773467791,1,0,1,0,
connect-four,.github/instructions/06-responsive.instructions.md,1,11514,1773470475,11514,1773420357,1,0,1,0,
connect-four,.github/instructions/07-ai-orchestration.instructions.md,1,10240,1773470475,10240,1773469710,1,0,1,0,
connect-four,.github/instructions/08-input-controls.instructions.md,1,10632,1773470475,10632,1773383503,1,0,1,0,
connect-four,.github/instructions/09-wcag-accessibility.instructions.md,1,4427,1773470510,4427,1773460491,1,0,1,0,
connect-four,.github/instructions/10-security.instructions.md,1,3747,1773470510,3747,1773460503,1,0,1,0,
connect-four,.github/instructions/11-performance.instructions.md,1,3700,1773470510,3700,1773460514,1,0,1,0,
connect-four,.github/instructions/12-error-handling.instructions.md,1,3075,1773470510,3075,1773460523,1,0,1,0,
connect-four,.github/instructions/13-mobile-gestures.instructions.md,1,3701,1773470510,3701,1773460528,1,0,1,0,
farkle,AGENTS.md,1,125012,1773478021,125012,1773467799,1,0,1,0,
farkle,.github/copilot-instructions.md,1,8769,1773478021,8769,1773467769,1,0,1,0,
farkle,.github/workflows/quality.yml,1,753,1773477736,753,1773384483,1,0,1,0,
farkle,.github/workflows/validate.yml,1,3814,1773477736,3814,1773469718,1,0,1,0,
farkle,.github/instructions/01-build.instructions.md,1,3303,1773477735,3303,1773422836,1,0,1,0,
farkle,.github/instructions/02-frontend.instructions.md,1,3609,1773422957,3609,1773422836,1,0,1,0,
farkle,.github/instructions/03-electron.instructions.md,1,2918,1773477736,2918,1773422836,1,0,1,0,
farkle,.github/instructions/04-capacitor.instructions.md,1,2823,1773422957,2823,1773422836,1,0,1,0,
farkle,.github/instructions/05-wasm.instructions.md,1,3232,1773477736,3232,1773467791,1,0,1,0,
farkle,.github/instructions/06-responsive.instructions.md,1,11514,1773423285,11514,1773420357,1,0,1,0,
farkle,.github/instructions/07-ai-orchestration.instructions.md,1,10240,1773477736,10240,1773469710,1,0,1,0,
farkle,.github/instructions/08-input-controls.instructions.md,1,10632,1773422957,10632,1773383503,1,0,1,0,
farkle,.github/instructions/09-wcag-accessibility.instructions.md,1,4427,1773465451,4427,1773460491,1,0,1,0,
farkle,.github/instructions/10-security.instructions.md,1,3747,1773465451,3747,1773460503,1,0,1,0,
farkle,.github/instructions/11-performance.instructions.md,1,3700,1773465451,3700,1773460514,1,0,1,0,
farkle,.github/instructions/12-error-handling.instructions.md,1,3075,1773465451,3075,1773460523,1,0,1,0,
farkle,.github/instructions/13-mobile-gestures.instructions.md,1,3701,1773465451,3701,1773460528,1,0,1,0,
game-billing,AGENTS.md,1,125012,1773478021,125012,1773467799,1,0,1,0,
game-billing,.github/copilot-instructions.md,1,8769,1773478021,8769,1773467769,1,0,1,0,
game-billing,.github/workflows/quality.yml,1,753,1773384483,753,1773384483,1,1,1,0,
game-billing,.github/workflows/validate.yml,1,3814,1773477737,3814,1773469718,1,0,1,0,
game-billing,.github/instructions/01-build.instructions.md,1,3303,1773477736,3303,1773422836,1,0,1,0,
game-billing,.github/instructions/02-frontend.instructions.md,1,3609,1773477736,3609,1773422836,1,0,1,0,
game-billing,.github/instructions/03-electron.instructions.md,1,2918,1773477736,2918,1773422836,1,0,1,0,
game-billing,.github/instructions/04-capacitor.instructions.md,1,2823,1773477736,2823,1773422836,1,0,1,0,
game-billing,.github/instructions/05-wasm.instructions.md,1,3232,1773477736,3232,1773467791,1,0,1,0,
game-billing,.github/instructions/06-responsive.instructions.md,1,11514,1773477736,11514,1773420357,1,0,1,0,
game-billing,.github/instructions/07-ai-orchestration.instructions.md,1,10240,1773477736,10240,1773469710,1,0,1,0,
game-billing,.github/instructions/08-input-controls.instructions.md,1,10632,1773384483,10632,1773383503,1,0,1,0,
game-billing,.github/instructions/09-wcag-accessibility.instructions.md,1,4427,1773477736,4427,1773460491,1,0,1,0,
game-billing,.github/instructions/10-security.instructions.md,1,3747,1773477736,3747,1773460503,1,0,1,0,
game-billing,.github/instructions/11-performance.instructions.md,1,3700,1773477736,3700,1773460514,1,0,1,0,
game-billing,.github/instructions/12-error-handling.instructions.md,1,3075,1773477737,3075,1773460523,1,0,1,0,
game-billing,.github/instructions/13-mobile-gestures.instructions.md,1,3701,1773477737,3701,1773460528,1,0,1,0,
hangman,AGENTS.md,1,125012,1773478021,125012,1773467799,1,0,1,0,
hangman,.github/copilot-instructions.md,1,8769,1773478021,8769,1773467769,1,0,1,0,
hangman,.github/workflows/quality.yml,1,753,1773384483,753,1773384483,1,1,1,0,
hangman,.github/workflows/validate.yml,1,3814,1773477737,3814,1773469718,1,0,1,0,
hangman,.github/instructions/01-build.instructions.md,1,3303,1773470480,3303,1773422836,1,0,1,0,
hangman,.github/instructions/02-frontend.instructions.md,1,3609,1773470480,3609,1773422836,1,0,1,0,
hangman,.github/instructions/03-electron.instructions.md,1,2918,1773470480,2918,1773422836,1,0,1,0,
hangman,.github/instructions/04-capacitor.instructions.md,1,2823,1773470480,2823,1773422836,1,0,1,0,
hangman,.github/instructions/05-wasm.instructions.md,1,3232,1773470480,3232,1773467791,1,0,1,0,
hangman,.github/instructions/06-responsive.instructions.md,1,11514,1773470480,11514,1773420357,1,0,1,0,
hangman,.github/instructions/07-ai-orchestration.instructions.md,1,10240,1773470480,10240,1773469710,1,0,1,0,
hangman,.github/instructions/08-input-controls.instructions.md,1,10632,1773470480,10632,1773383503,1,0,1,0,
hangman,.github/instructions/09-wcag-accessibility.instructions.md,1,4427,1773470544,4427,1773460491,1,0,1,0,
hangman,.github/instructions/10-security.instructions.md,1,3747,1773470544,3747,1773460503,1,0,1,0,
hangman,.github/instructions/11-performance.instructions.md,1,3700,1773470544,3700,1773460514,1,0,1,0,
hangman,.github/instructions/12-error-handling.instructions.md,1,3075,1773470544,3075,1773460523,1,0,1,0,
hangman,.github/instructions/13-mobile-gestures.instructions.md,1,3701,1773470544,3701,1773460528,1,0,1,0,
liars-dice,AGENTS.md,1,125012,1773478021,125012,1773467799,1,0,1,0,
liars-dice,.github/copilot-instructions.md,1,8769,1773478021,8769,1773467769,1,0,1,0,
liars-dice,.github/workflows/quality.yml,1,753,1773477738,753,1773384483,1,0,1,0,
liars-dice,.github/workflows/validate.yml,1,3814,1773477738,3814,1773469718,1,0,1,0,
liars-dice,.github/instructions/01-build.instructions.md,1,3303,1773477737,3303,1773422836,1,0,1,0,
liars-dice,.github/instructions/02-frontend.instructions.md,1,3609,1773422957,3609,1773422836,1,0,1,0,
liars-dice,.github/instructions/03-electron.instructions.md,1,2918,1773477737,2918,1773422836,1,0,1,0,
liars-dice,.github/instructions/04-capacitor.instructions.md,1,2823,1773422957,2823,1773422836,1,0,1,0,
liars-dice,.github/instructions/05-wasm.instructions.md,1,3232,1773477737,3232,1773467791,1,0,1,0,
liars-dice,.github/instructions/06-responsive.instructions.md,1,11514,1773423285,11514,1773420357,1,0,1,0,
liars-dice,.github/instructions/07-ai-orchestration.instructions.md,1,10240,1773477738,10240,1773469710,1,0,1,0,
liars-dice,.github/instructions/08-input-controls.instructions.md,1,10632,1773422957,10632,1773383503,1,0,1,0,
liars-dice,.github/instructions/09-wcag-accessibility.instructions.md,1,4427,1773465452,4427,1773460491,1,0,1,0,
liars-dice,.github/instructions/10-security.instructions.md,1,3747,1773465452,3747,1773460503,1,0,1,0,
liars-dice,.github/instructions/11-performance.instructions.md,1,3700,1773465452,3700,1773460514,1,0,1,0,
liars-dice,.github/instructions/12-error-handling.instructions.md,1,3075,1773465452,3075,1773460523,1,0,1,0,
liars-dice,.github/instructions/13-mobile-gestures.instructions.md,1,3701,1773465452,3701,1773460528,1,0,1,0,
lights-out,AGENTS.md,1,125012,1773478021,125012,1773467799,1,0,1,0,
lights-out,.github/copilot-instructions.md,1,8769,1773478021,8769,1773467769,1,0,1,0,
lights-out,.github/workflows/quality.yml,1,753,1773384483,753,1773384483,1,1,1,0,
lights-out,.github/workflows/validate.yml,1,3814,1773477738,3814,1773469718,1,0,1,0,
lights-out,.github/instructions/01-build.instructions.md,1,3303,1773477738,3303,1773422836,1,0,1,0,
lights-out,.github/instructions/02-frontend.instructions.md,1,3609,1773422958,3609,1773422836,1,0,1,0,
lights-out,.github/instructions/03-electron.instructions.md,1,2918,1773477738,2918,1773422836,1,0,1,0,
lights-out,.github/instructions/04-capacitor.instructions.md,1,2823,1773422958,2823,1773422836,1,0,1,0,
lights-out,.github/instructions/05-wasm.instructions.md,1,3232,1773477738,3232,1773467791,1,0,1,0,
lights-out,.github/instructions/06-responsive.instructions.md,1,11514,1773423285,11514,1773420357,1,0,1,0,
lights-out,.github/instructions/07-ai-orchestration.instructions.md,1,10240,1773477738,10240,1773469710,1,0,1,0,
lights-out,.github/instructions/08-input-controls.instructions.md,1,10632,1773422958,10632,1773383503,1,0,1,0,
lights-out,.github/instructions/09-wcag-accessibility.instructions.md,1,4427,1773471332,4427,1773460491,1,0,1,0,
lights-out,.github/instructions/10-security.instructions.md,1,3747,1773471332,3747,1773460503,1,0,1,0,
lights-out,.github/instructions/11-performance.instructions.md,1,3700,1773471332,3700,1773460514,1,0,1,0,
lights-out,.github/instructions/12-error-handling.instructions.md,1,3075,1773471332,3075,1773460523,1,0,1,0,
lights-out,.github/instructions/13-mobile-gestures.instructions.md,1,3701,1773471332,3701,1773460528,1,0,1,0,
mancala,AGENTS.md,1,125012,1773478021,125012,1773467799,1,0,1,0,
mancala,.github/copilot-instructions.md,1,8769,1773478021,8769,1773467769,1,0,1,0,
mancala,.github/workflows/quality.yml,1,753,1773384483,753,1773384483,1,1,1,0,
mancala,.github/workflows/validate.yml,1,3814,1773477739,3814,1773469718,1,0,1,0,
mancala,.github/instructions/01-build.instructions.md,1,3303,1773477738,3303,1773422836,1,0,1,0,
mancala,.github/instructions/02-frontend.instructions.md,1,3609,1773422958,3609,1773422836,1,0,1,0,
mancala,.github/instructions/03-electron.instructions.md,1,2918,1773477738,2918,1773422836,1,0,1,0,
mancala,.github/instructions/04-capacitor.instructions.md,1,2823,1773422958,2823,1773422836,1,0,1,0,
mancala,.github/instructions/05-wasm.instructions.md,1,3232,1773477739,3232,1773467791,1,0,1,0,
mancala,.github/instructions/06-responsive.instructions.md,1,11514,1773422958,11514,1773420357,1,0,1,0,
mancala,.github/instructions/07-ai-orchestration.instructions.md,1,10240,1773477739,10240,1773469710,1,0,1,0,
mancala,.github/instructions/08-input-controls.instructions.md,1,10632,1773422958,10632,1773383503,1,0,1,0,
mancala,.github/instructions/09-wcag-accessibility.instructions.md,1,4427,1773465191,4427,1773460491,1,0,1,0,
mancala,.github/instructions/10-security.instructions.md,1,3747,1773465191,3747,1773460503,1,0,1,0,
mancala,.github/instructions/11-performance.instructions.md,1,3700,1773465191,3700,1773460514,1,0,1,0,
mancala,.github/instructions/12-error-handling.instructions.md,1,3075,1773465191,3075,1773460523,1,0,1,0,
mancala,.github/instructions/13-mobile-gestures.instructions.md,1,3701,1773465192,3701,1773460528,1,0,1,0,
memory-game,AGENTS.md,1,125012,1773478021,125012,1773467799,1,0,1,0,
memory-game,.github/copilot-instructions.md,1,8769,1773478021,8769,1773467769,1,0,1,0,
memory-game,.github/workflows/quality.yml,1,753,1773384483,753,1773384483,1,1,1,0,
memory-game,.github/workflows/validate.yml,1,3814,1773477740,3814,1773469718,1,0,1,0,
memory-game,.github/instructions/01-build.instructions.md,1,3303,1773477739,3303,1773422836,1,0,1,0,
memory-game,.github/instructions/02-frontend.instructions.md,1,3609,1773422958,3609,1773422836,1,0,1,0,
memory-game,.github/instructions/03-electron.instructions.md,1,2918,1773477739,2918,1773422836,1,0,1,0,
memory-game,.github/instructions/04-capacitor.instructions.md,1,2823,1773422958,2823,1773422836,1,0,1,0,
memory-game,.github/instructions/05-wasm.instructions.md,1,3232,1773477739,3232,1773467791,1,0,1,0,
memory-game,.github/instructions/06-responsive.instructions.md,1,11514,1773423285,11514,1773420357,1,0,1,0,
memory-game,.github/instructions/07-ai-orchestration.instructions.md,1,10240,1773477739,10240,1773469710,1,0,1,0,
memory-game,.github/instructions/08-input-controls.instructions.md,1,10632,1773422958,10632,1773383503,1,0,1,0,
memory-game,.github/instructions/09-wcag-accessibility.instructions.md,1,4427,1773471345,4427,1773460491,1,0,1,0,
memory-game,.github/instructions/10-security.instructions.md,1,3747,1773471345,3747,1773460503,1,0,1,0,
memory-game,.github/instructions/11-performance.instructions.md,1,3700,1773471345,3700,1773460514,1,0,1,0,
memory-game,.github/instructions/12-error-handling.instructions.md,1,3075,1773471345,3075,1773460523,1,0,1,0,
memory-game,.github/instructions/13-mobile-gestures.instructions.md,1,3701,1773471345,3701,1773460528,1,0,1,0,
mexico,AGENTS.md,1,125012,1773478021,125012,1773467799,1,0,1,0,
mexico,.github/copilot-instructions.md,1,8769,1773478021,8769,1773467769,1,0,1,0,
mexico,.github/workflows/quality.yml,1,753,1773477740,753,1773384483,1,0,1,0,
mexico,.github/workflows/validate.yml,1,3814,1773477740,3814,1773469718,1,0,1,0,
mexico,.github/instructions/01-build.instructions.md,1,3303,1773477740,3303,1773422836,1,0,1,0,
mexico,.github/instructions/02-frontend.instructions.md,1,3609,1773422958,3609,1773422836,1,0,1,0,
mexico,.github/instructions/03-electron.instructions.md,1,2918,1773477740,2918,1773422836,1,0,1,0,
mexico,.github/instructions/04-capacitor.instructions.md,1,2823,1773422958,2823,1773422836,1,0,1,0,
mexico,.github/instructions/05-wasm.instructions.md,1,3232,1773477740,3232,1773467791,1,0,1,0,
mexico,.github/instructions/06-responsive.instructions.md,1,11514,1773423285,11514,1773420357,1,0,1,0,
mexico,.github/instructions/07-ai-orchestration.instructions.md,1,10240,1773477740,10240,1773469710,1,0,1,0,
mexico,.github/instructions/08-input-controls.instructions.md,1,10632,1773422958,10632,1773383503,1,0,1,0,
mexico,.github/instructions/09-wcag-accessibility.instructions.md,1,4427,1773465453,4427,1773460491,1,0,1,0,
mexico,.github/instructions/10-security.instructions.md,1,3747,1773465453,3747,1773460503,1,0,1,0,
mexico,.github/instructions/11-performance.instructions.md,1,3700,1773465453,3700,1773460514,1,0,1,0,
mexico,.github/instructions/12-error-handling.instructions.md,1,3075,1773465453,3075,1773460523,1,0,1,0,
mexico,.github/instructions/13-mobile-gestures.instructions.md,1,3701,1773465453,3701,1773460528,1,0,1,0,
minesweeper,AGENTS.md,1,125012,1773478021,125012,1773467799,1,0,1,0,
minesweeper,.github/copilot-instructions.md,1,8769,1773478021,8769,1773467769,1,0,1,0,
minesweeper,.github/workflows/quality.yml,1,753,1773477741,753,1773384483,1,0,1,0,
minesweeper,.github/workflows/validate.yml,1,3814,1773477741,3814,1773469718,1,0,1,0,
minesweeper,.github/instructions/01-build.instructions.md,1,3303,1773477741,3303,1773422836,1,0,1,0,
minesweeper,.github/instructions/02-frontend.instructions.md,1,3609,1773422958,3609,1773422836,1,0,1,0,
minesweeper,.github/instructions/03-electron.instructions.md,1,2918,1773477741,2918,1773422836,1,0,1,0,
minesweeper,.github/instructions/04-capacitor.instructions.md,1,2823,1773422958,2823,1773422836,1,0,1,0,
minesweeper,.github/instructions/05-wasm.instructions.md,1,3232,1773477741,3232,1773467791,1,0,1,0,
minesweeper,.github/instructions/06-responsive.instructions.md,1,11514,1773422959,11514,1773420357,1,0,1,0,
minesweeper,.github/instructions/07-ai-orchestration.instructions.md,1,10240,1773477741,10240,1773469710,1,0,1,0,
minesweeper,.github/instructions/08-input-controls.instructions.md,1,10632,1773422959,10632,1773383503,1,0,1,0,
minesweeper,.github/instructions/09-wcag-accessibility.instructions.md,1,4427,1773470511,4427,1773460491,1,0,1,0,
minesweeper,.github/instructions/10-security.instructions.md,1,3747,1773470511,3747,1773460503,1,0,1,0,
minesweeper,.github/instructions/11-performance.instructions.md,1,3700,1773470511,3700,1773460514,1,0,1,0,
minesweeper,.github/instructions/12-error-handling.instructions.md,1,3075,1773470511,3075,1773460523,1,0,1,0,
minesweeper,.github/instructions/13-mobile-gestures.instructions.md,1,3701,1773470511,3701,1773460528,1,0,1,0,
monchola,AGENTS.md,1,125012,1773478021,125012,1773467799,1,0,1,0,
monchola,.github/copilot-instructions.md,1,8769,1773478021,8769,1773467769,1,0,1,0,
monchola,.github/workflows/quality.yml,1,753,1773384483,753,1773384483,1,1,1,0,
monchola,.github/workflows/validate.yml,1,3814,1773477742,3814,1773469718,1,0,1,0,
monchola,.github/instructions/01-build.instructions.md,1,3303,1773477741,3303,1773422836,1,0,1,0,
monchola,.github/instructions/02-frontend.instructions.md,1,3609,1773422959,3609,1773422836,1,0,1,0,
monchola,.github/instructions/03-electron.instructions.md,1,2918,1773477741,2918,1773422836,1,0,1,0,
monchola,.github/instructions/04-capacitor.instructions.md,1,2823,1773422959,2823,1773422836,1,0,1,0,
monchola,.github/instructions/05-wasm.instructions.md,1,3232,1773477741,3232,1773467791,1,0,1,0,
monchola,.github/instructions/06-responsive.instructions.md,1,11514,1773423285,11514,1773420357,1,0,1,0,
monchola,.github/instructions/07-ai-orchestration.instructions.md,1,10240,1773477742,10240,1773469710,1,0,1,0,
monchola,.github/instructions/08-input-controls.instructions.md,1,10632,1773422959,10632,1773383503,1,0,1,0,
monchola,.github/instructions/09-wcag-accessibility.instructions.md,1,4427,1773477742,4427,1773460491,1,0,1,0,
monchola,.github/instructions/10-security.instructions.md,1,3747,1773477742,3747,1773460503,1,0,1,0,
monchola,.github/instructions/11-performance.instructions.md,1,3700,1773477742,3700,1773460514,1,0,1,0,
monchola,.github/instructions/12-error-handling.instructions.md,1,3075,1773477742,3075,1773460523,1,0,1,0,
monchola,.github/instructions/13-mobile-gestures.instructions.md,1,3701,1773477742,3701,1773460528,1,0,1,0,
movies-for-hackers,AGENTS.md,1,125012,1773478021,125012,1773467799,1,0,1,0,
movies-for-hackers,.github/copilot-instructions.md,1,8769,1773478021,8769,1773467769,1,0,1,0,
movies-for-hackers,.github/workflows/quality.yml,1,753,1773477743,753,1773384483,1,0,1,0,
movies-for-hackers,.github/workflows/validate.yml,1,3814,1773477743,3814,1773469718,1,0,1,0,
movies-for-hackers,.github/instructions/01-build.instructions.md,1,3303,1773477742,3303,1773422836,1,0,1,0,
movies-for-hackers,.github/instructions/02-frontend.instructions.md,1,3609,1773477742,3609,1773422836,1,0,1,0,
movies-for-hackers,.github/instructions/03-electron.instructions.md,1,2918,1773477742,2918,1773422836,1,0,1,0,
movies-for-hackers,.github/instructions/04-capacitor.instructions.md,1,2823,1773477742,2823,1773422836,1,0,1,0,
movies-for-hackers,.github/instructions/05-wasm.instructions.md,1,3232,1773477742,3232,1773467791,1,0,1,0,
movies-for-hackers,.github/instructions/06-responsive.instructions.md,1,11514,1773477742,11514,1773420357,1,0,1,0,
movies-for-hackers,.github/instructions/07-ai-orchestration.instructions.md,1,10240,1773477742,10240,1773469710,1,0,1,0,
movies-for-hackers,.github/instructions/08-input-controls.instructions.md,1,10632,1773383503,10632,1773383503,1,1,1,0,
movies-for-hackers,.github/instructions/09-wcag-accessibility.instructions.md,1,4427,1773477742,4427,1773460491,1,0,1,0,
movies-for-hackers,.github/instructions/10-security.instructions.md,1,3747,1773477742,3747,1773460503,1,0,1,0,
movies-for-hackers,.github/instructions/11-performance.instructions.md,1,3700,1773477742,3700,1773460514,1,0,1,0,
movies-for-hackers,.github/instructions/12-error-handling.instructions.md,1,3075,1773477742,3075,1773460523,1,0,1,0,
movies-for-hackers,.github/instructions/13-mobile-gestures.instructions.md,1,3701,1773477743,3701,1773460528,1,0,1,0,
pig,AGENTS.md,1,125012,1773478021,125012,1773467799,1,0,1,0,
pig,.github/copilot-instructions.md,1,8769,1773478021,8769,1773467769,1,0,1,0,
pig,.github/workflows/quality.yml,1,753,1773477743,753,1773384483,1,0,1,0,
pig,.github/workflows/validate.yml,1,3814,1773477743,3814,1773469718,1,0,1,0,
pig,.github/instructions/01-build.instructions.md,1,3303,1773477743,3303,1773422836,1,0,1,0,
pig,.github/instructions/02-frontend.instructions.md,1,3609,1773422959,3609,1773422836,1,0,1,0,
pig,.github/instructions/03-electron.instructions.md,1,2918,1773477743,2918,1773422836,1,0,1,0,
pig,.github/instructions/04-capacitor.instructions.md,1,2823,1773422959,2823,1773422836,1,0,1,0,
pig,.github/instructions/05-wasm.instructions.md,1,3232,1773477743,3232,1773467791,1,0,1,0,
pig,.github/instructions/06-responsive.instructions.md,1,11514,1773423285,11514,1773420357,1,0,1,0,
pig,.github/instructions/07-ai-orchestration.instructions.md,1,10240,1773477743,10240,1773469710,1,0,1,0,
pig,.github/instructions/08-input-controls.instructions.md,1,10632,1773422959,10632,1773383503,1,0,1,0,
pig,.github/instructions/09-wcag-accessibility.instructions.md,1,4427,1773470522,4427,1773460491,1,0,1,0,
pig,.github/instructions/10-security.instructions.md,1,3747,1773470522,3747,1773460503,1,0,1,0,
pig,.github/instructions/11-performance.instructions.md,1,3700,1773470522,3700,1773460514,1,0,1,0,
pig,.github/instructions/12-error-handling.instructions.md,1,3075,1773470522,3075,1773460523,1,0,1,0,
pig,.github/instructions/13-mobile-gestures.instructions.md,1,3701,1773470522,3701,1773460528,1,0,1,0,
rankings-api,AGENTS.md,1,125012,1773478021,125012,1773467799,1,0,1,0,
rankings-api,.github/copilot-instructions.md,1,8769,1773478021,8769,1773467769,1,0,1,0,
rankings-api,.github/workflows/quality.yml,1,753,1773384483,753,1773384483,1,1,1,0,
rankings-api,.github/workflows/validate.yml,1,3814,1773477744,3814,1773469718,1,0,1,0,
rankings-api,.github/instructions/01-build.instructions.md,1,3303,1773477743,3303,1773422836,1,0,1,0,
rankings-api,.github/instructions/02-frontend.instructions.md,1,3609,1773477743,3609,1773422836,1,0,1,0,
rankings-api,.github/instructions/03-electron.instructions.md,1,2918,1773477743,2918,1773422836,1,0,1,0,
rankings-api,.github/instructions/04-capacitor.instructions.md,1,2823,1773477743,2823,1773422836,1,0,1,0,
rankings-api,.github/instructions/05-wasm.instructions.md,1,3232,1773477743,3232,1773467791,1,0,1,0,
rankings-api,.github/instructions/06-responsive.instructions.md,1,11514,1773477743,11514,1773420357,1,0,1,0,
rankings-api,.github/instructions/07-ai-orchestration.instructions.md,1,10240,1773477743,10240,1773469710,1,0,1,0,
rankings-api,.github/instructions/08-input-controls.instructions.md,1,10632,1773383504,10632,1773383503,1,0,1,0,
rankings-api,.github/instructions/09-wcag-accessibility.instructions.md,1,4427,1773477743,4427,1773460491,1,0,1,0,
rankings-api,.github/instructions/10-security.instructions.md,1,3747,1773477743,3747,1773460503,1,0,1,0,
rankings-api,.github/instructions/11-performance.instructions.md,1,3700,1773477743,3700,1773460514,1,0,1,0,
rankings-api,.github/instructions/12-error-handling.instructions.md,1,3075,1773477743,3075,1773460523,1,0,1,0,
rankings-api,.github/instructions/13-mobile-gestures.instructions.md,1,3701,1773477744,3701,1773460528,1,0,1,0,
reversi,AGENTS.md,1,125012,1773478021,125012,1773467799,1,0,1,0,
reversi,.github/copilot-instructions.md,1,8769,1773478021,8769,1773467769,1,0,1,0,
reversi,.github/workflows/quality.yml,1,753,1773384483,753,1773384483,1,1,1,0,
reversi,.github/workflows/validate.yml,1,3814,1773477744,3814,1773469718,1,0,1,0,
reversi,.github/instructions/01-build.instructions.md,1,3303,1773477744,3303,1773422836,1,0,1,0,
reversi,.github/instructions/02-frontend.instructions.md,1,3609,1773422959,3609,1773422836,1,0,1,0,
reversi,.github/instructions/03-electron.instructions.md,1,2918,1773477744,2918,1773422836,1,0,1,0,
reversi,.github/instructions/04-capacitor.instructions.md,1,2823,1773422959,2823,1773422836,1,0,1,0,
reversi,.github/instructions/05-wasm.instructions.md,1,3232,1773477744,3232,1773467791,1,0,1,0,
reversi,.github/instructions/06-responsive.instructions.md,1,11514,1773423285,11514,1773420357,1,0,1,0,
reversi,.github/instructions/07-ai-orchestration.instructions.md,1,10240,1773477744,10240,1773469710,1,0,1,0,
reversi,.github/instructions/08-input-controls.instructions.md,1,10632,1773422959,10632,1773383503,1,0,1,0,
reversi,.github/instructions/09-wcag-accessibility.instructions.md,1,4427,1773470526,4427,1773460491,1,0,1,0,
reversi,.github/instructions/10-security.instructions.md,1,3747,1773470526,3747,1773460503,1,0,1,0,
reversi,.github/instructions/11-performance.instructions.md,1,3700,1773470526,3700,1773460514,1,0,1,0,
reversi,.github/instructions/12-error-handling.instructions.md,1,3075,1773470526,3075,1773460523,1,0,1,0,
reversi,.github/instructions/13-mobile-gestures.instructions.md,1,3701,1773470526,3701,1773460528,1,0,1,0,
rock-paper-scissors,AGENTS.md,1,125012,1773478021,125012,1773467799,1,0,1,0,
rock-paper-scissors,.github/copilot-instructions.md,1,8769,1773478021,8769,1773467769,1,0,1,0,
rock-paper-scissors,.github/workflows/quality.yml,1,753,1773384483,753,1773384483,1,1,1,0,
rock-paper-scissors,.github/workflows/validate.yml,1,3814,1773477745,3814,1773469718,1,0,1,0,
rock-paper-scissors,.github/instructions/01-build.instructions.md,1,3303,1773477744,3303,1773422836,1,0,1,0,
rock-paper-scissors,.github/instructions/02-frontend.instructions.md,1,3609,1773422959,3609,1773422836,1,0,1,0,
rock-paper-scissors,.github/instructions/03-electron.instructions.md,1,2918,1773477745,2918,1773422836,1,0,1,0,
rock-paper-scissors,.github/instructions/04-capacitor.instructions.md,1,2823,1773422959,2823,1773422836,1,0,1,0,
rock-paper-scissors,.github/instructions/05-wasm.instructions.md,1,3232,1773477745,3232,1773467791,1,0,1,0,
rock-paper-scissors,.github/instructions/06-responsive.instructions.md,1,11514,1773423285,11514,1773420357,1,0,1,0,
rock-paper-scissors,.github/instructions/07-ai-orchestration.instructions.md,1,10240,1773477745,10240,1773469710,1,0,1,0,
rock-paper-scissors,.github/instructions/08-input-controls.instructions.md,1,10632,1773422959,10632,1773383503,1,0,1,0,
rock-paper-scissors,.github/instructions/09-wcag-accessibility.instructions.md,1,4427,1773470567,4427,1773460491,1,0,1,0,
rock-paper-scissors,.github/instructions/10-security.instructions.md,1,3747,1773470567,3747,1773460503,1,0,1,0,
rock-paper-scissors,.github/instructions/11-performance.instructions.md,1,3700,1773470567,3700,1773460514,1,0,1,0,
rock-paper-scissors,.github/instructions/12-error-handling.instructions.md,1,3075,1773470567,3075,1773460523,1,0,1,0,
rock-paper-scissors,.github/instructions/13-mobile-gestures.instructions.md,1,3701,1773470567,3701,1773460528,1,0,1,0,
ship-captain-crew,AGENTS.md,1,125012,1773478021,125012,1773467799,1,0,1,0,
ship-captain-crew,.github/copilot-instructions.md,1,8769,1773478021,8769,1773467769,1,0,1,0,
ship-captain-crew,.github/workflows/quality.yml,1,753,1773477746,753,1773384483,1,0,1,0,
ship-captain-crew,.github/workflows/validate.yml,1,3814,1773477746,3814,1773469718,1,0,1,0,
ship-captain-crew,.github/instructions/01-build.instructions.md,1,3303,1773477745,3303,1773422836,1,0,1,0,
ship-captain-crew,.github/instructions/02-frontend.instructions.md,1,3609,1773422959,3609,1773422836,1,0,1,0,
ship-captain-crew,.github/instructions/03-electron.instructions.md,1,2918,1773477745,2918,1773422836,1,0,1,0,
ship-captain-crew,.github/instructions/04-capacitor.instructions.md,1,2823,1773422960,2823,1773422836,1,0,1,0,
ship-captain-crew,.github/instructions/05-wasm.instructions.md,1,3232,1773477745,3232,1773467791,1,0,1,0,
ship-captain-crew,.github/instructions/06-responsive.instructions.md,1,11514,1773423285,11514,1773420357,1,0,1,0,
ship-captain-crew,.github/instructions/07-ai-orchestration.instructions.md,1,10240,1773477746,10240,1773469710,1,0,1,0,
ship-captain-crew,.github/instructions/08-input-controls.instructions.md,1,10632,1773422960,10632,1773383503,1,0,1,0,
ship-captain-crew,.github/instructions/09-wcag-accessibility.instructions.md,1,4427,1773477746,4427,1773460491,1,0,1,0,
ship-captain-crew,.github/instructions/10-security.instructions.md,1,3747,1773477746,3747,1773460503,1,0,1,0,
ship-captain-crew,.github/instructions/11-performance.instructions.md,1,3700,1773477746,3700,1773460514,1,0,1,0,
ship-captain-crew,.github/instructions/12-error-handling.instructions.md,1,3075,1773477746,3075,1773460523,1,0,1,0,
ship-captain-crew,.github/instructions/13-mobile-gestures.instructions.md,1,3701,1773477746,3701,1773460528,1,0,1,0,
shut-the-box,AGENTS.md,1,125012,1773478021,125012,1773467799,1,0,1,0,
shut-the-box,.github/copilot-instructions.md,1,8769,1773478022,8769,1773467769,1,0,1,0,
shut-the-box,.github/workflows/quality.yml,1,753,1773384483,753,1773384483,1,1,1,0,
shut-the-box,.github/workflows/validate.yml,1,3814,1773477747,3814,1773469718,1,0,1,0,
shut-the-box,.github/instructions/01-build.instructions.md,1,3303,1773477746,3303,1773422836,1,0,1,0,
shut-the-box,.github/instructions/02-frontend.instructions.md,1,3609,1773422960,3609,1773422836,1,0,1,0,
shut-the-box,.github/instructions/03-electron.instructions.md,1,2918,1773477746,2918,1773422836,1,0,1,0,
shut-the-box,.github/instructions/04-capacitor.instructions.md,1,2823,1773422960,2823,1773422836,1,0,1,0,
shut-the-box,.github/instructions/05-wasm.instructions.md,1,3232,1773477746,3232,1773467791,1,0,1,0,
shut-the-box,.github/instructions/06-responsive.instructions.md,1,11514,1773423285,11514,1773420357,1,0,1,0,
shut-the-box,.github/instructions/07-ai-orchestration.instructions.md,1,10240,1773477746,10240,1773469710,1,0,1,0,
shut-the-box,.github/instructions/08-input-controls.instructions.md,1,10632,1773422960,10632,1773383503,1,0,1,0,
shut-the-box,.github/instructions/09-wcag-accessibility.instructions.md,1,4427,1773477746,4427,1773460491,1,0,1,0,
shut-the-box,.github/instructions/10-security.instructions.md,1,3747,1773477746,3747,1773460503,1,0,1,0,
shut-the-box,.github/instructions/11-performance.instructions.md,1,3700,1773477747,3700,1773460514,1,0,1,0,
shut-the-box,.github/instructions/12-error-handling.instructions.md,1,3075,1773477747,3075,1773460523,1,0,1,0,
shut-the-box,.github/instructions/13-mobile-gestures.instructions.md,1,3701,1773477747,3701,1773460528,1,0,1,0,
simon-says,AGENTS.md,1,125012,1773478022,125012,1773467799,1,0,1,0,
simon-says,.github/copilot-instructions.md,1,8769,1773478022,8769,1773467769,1,0,1,0,
simon-says,.github/workflows/quality.yml,1,753,1773384483,753,1773384483,1,1,1,0,
simon-says,.github/workflows/validate.yml,1,3814,1773477747,3814,1773469718,1,0,1,0,
simon-says,.github/instructions/01-build.instructions.md,1,3303,1773477747,3303,1773422836,1,0,1,0,
simon-says,.github/instructions/02-frontend.instructions.md,1,3609,1773422960,3609,1773422836,1,0,1,0,
simon-says,.github/instructions/03-electron.instructions.md,1,2918,1773477747,2918,1773422836,1,0,1,0,
simon-says,.github/instructions/04-capacitor.instructions.md,1,2823,1773422960,2823,1773422836,1,0,1,0,
simon-says,.github/instructions/05-wasm.instructions.md,1,3232,1773477747,3232,1773467791,1,0,1,0,
simon-says,.github/instructions/06-responsive.instructions.md,1,11514,1773423286,11514,1773420357,1,0,1,0,
simon-says,.github/instructions/07-ai-orchestration.instructions.md,1,10240,1773477747,10240,1773469710,1,0,1,0,
simon-says,.github/instructions/08-input-controls.instructions.md,1,10632,1773422960,10632,1773383503,1,0,1,0,
simon-says,.github/instructions/09-wcag-accessibility.instructions.md,1,4427,1773470567,4427,1773460491,1,0,1,0,
simon-says,.github/instructions/10-security.instructions.md,1,3747,1773470567,3747,1773460503,1,0,1,0,
simon-says,.github/instructions/11-performance.instructions.md,1,3700,1773470567,3700,1773460514,1,0,1,0,
simon-says,.github/instructions/12-error-handling.instructions.md,1,3075,1773470567,3075,1773460523,1,0,1,0,
simon-says,.github/instructions/13-mobile-gestures.instructions.md,1,3701,1773470567,3701,1773460528,1,0,1,0,
snake,AGENTS.md,1,125012,1773478022,125012,1773467799,1,0,1,0,
snake,.github/copilot-instructions.md,1,8769,1773478022,8769,1773467769,1,0,1,0,
snake,.github/workflows/quality.yml,1,753,1773384483,753,1773384483,1,1,1,0,
snake,.github/workflows/validate.yml,1,3814,1773477748,3814,1773469718,1,0,1,0,
snake,.github/instructions/01-build.instructions.md,1,3303,1773477747,3303,1773422836,1,0,1,0,
snake,.github/instructions/02-frontend.instructions.md,1,3609,1773422960,3609,1773422836,1,0,1,0,
snake,.github/instructions/03-electron.instructions.md,1,2918,1773477747,2918,1773422836,1,0,1,0,
snake,.github/instructions/04-capacitor.instructions.md,1,2823,1773422960,2823,1773422836,1,0,1,0,
snake,.github/instructions/05-wasm.instructions.md,1,3232,1773477747,3232,1773467791,1,0,1,0,
snake,.github/instructions/06-responsive.instructions.md,1,11514,1773422960,11514,1773420357,1,0,1,0,
snake,.github/instructions/07-ai-orchestration.instructions.md,1,10240,1773477748,10240,1773469710,1,0,1,0,
snake,.github/instructions/08-input-controls.instructions.md,1,10632,1773422960,10632,1773383503,1,0,1,0,
snake,.github/instructions/09-wcag-accessibility.instructions.md,1,4427,1773470567,4427,1773460491,1,0,1,0,
snake,.github/instructions/10-security.instructions.md,1,3747,1773470567,3747,1773460503,1,0,1,0,
snake,.github/instructions/11-performance.instructions.md,1,3700,1773470567,3700,1773460514,1,0,1,0,
snake,.github/instructions/12-error-handling.instructions.md,1,3075,1773470567,3075,1773460523,1,0,1,0,
snake,.github/instructions/13-mobile-gestures.instructions.md,1,3701,1773470567,3701,1773460528,1,0,1,0,
theme-store,AGENTS.md,1,125012,1773478022,125012,1773467799,1,0,1,0,
theme-store,.github/copilot-instructions.md,1,8769,1773478022,8769,1773467769,1,0,1,0,
theme-store,.github/workflows/quality.yml,1,753,1773384483,753,1773384483,1,1,1,0,
theme-store,.github/workflows/validate.yml,1,3814,1773477748,3814,1773469718,1,0,1,0,
theme-store,.github/instructions/01-build.instructions.md,1,3303,1773477748,3303,1773422836,1,0,1,0,
theme-store,.github/instructions/02-frontend.instructions.md,1,3609,1773477748,3609,1773422836,1,0,1,0,
theme-store,.github/instructions/03-electron.instructions.md,1,2918,1773477748,2918,1773422836,1,0,1,0,
theme-store,.github/instructions/04-capacitor.instructions.md,1,2823,1773477748,2823,1773422836,1,0,1,0,
theme-store,.github/instructions/05-wasm.instructions.md,1,3232,1773477748,3232,1773467791,1,0,1,0,
theme-store,.github/instructions/06-responsive.instructions.md,1,11514,1773477748,11514,1773420357,1,0,1,0,
theme-store,.github/instructions/07-ai-orchestration.instructions.md,1,10240,1773477748,10240,1773469710,1,0,1,0,
theme-store,.github/instructions/08-input-controls.instructions.md,1,10632,1773384483,10632,1773383503,1,0,1,0,
theme-store,.github/instructions/09-wcag-accessibility.instructions.md,1,4427,1773477748,4427,1773460491,1,0,1,0,
theme-store,.github/instructions/10-security.instructions.md,1,3747,1773477748,3747,1773460503,1,0,1,0,
theme-store,.github/instructions/11-performance.instructions.md,1,3700,1773477748,3700,1773460514,1,0,1,0,
theme-store,.github/instructions/12-error-handling.instructions.md,1,3075,1773477748,3075,1773460523,1,0,1,0,
theme-store,.github/instructions/13-mobile-gestures.instructions.md,1,3701,1773477748,3701,1773460528,1,0,1,0,
themes-api,AGENTS.md,1,125012,1773478022,125012,1773467799,1,0,1,0,
themes-api,.github/copilot-instructions.md,1,8769,1773478022,8769,1773467769,1,0,1,0,
themes-api,.github/workflows/quality.yml,1,753,1773384483,753,1773384483,1,1,1,0,
themes-api,.github/workflows/validate.yml,1,3814,1773477749,3814,1773469718,1,0,1,0,
themes-api,.github/instructions/01-build.instructions.md,1,3303,1773477748,3303,1773422836,1,0,1,0,
themes-api,.github/instructions/02-frontend.instructions.md,1,3609,1773477749,3609,1773422836,1,0,1,0,
themes-api,.github/instructions/03-electron.instructions.md,1,2918,1773477749,2918,1773422836,1,0,1,0,
themes-api,.github/instructions/04-capacitor.instructions.md,1,2823,1773477749,2823,1773422836,1,0,1,0,
themes-api,.github/instructions/05-wasm.instructions.md,1,3232,1773477749,3232,1773467791,1,0,1,0,
themes-api,.github/instructions/06-responsive.instructions.md,1,11514,1773477749,11514,1773420357,1,0,1,0,
themes-api,.github/instructions/07-ai-orchestration.instructions.md,1,10240,1773477749,10240,1773469710,1,0,1,0,
themes-api,.github/instructions/08-input-controls.instructions.md,1,10632,1773383504,10632,1773383503,1,0,1,0,
themes-api,.github/instructions/09-wcag-accessibility.instructions.md,1,4427,1773477749,4427,1773460491,1,0,1,0,
themes-api,.github/instructions/10-security.instructions.md,1,3747,1773477749,3747,1773460503,1,0,1,0,
themes-api,.github/instructions/11-performance.instructions.md,1,3700,1773477749,3700,1773460514,1,0,1,0,
themes-api,.github/instructions/12-error-handling.instructions.md,1,3075,1773477749,3075,1773460523,1,0,1,0,
themes-api,.github/instructions/13-mobile-gestures.instructions.md,1,3701,1773477749,3701,1773460528,1,0,1,0,
tictactoe,AGENTS.md,1,125012,1773478022,125012,1773467799,1,0,1,0,
tictactoe,.github/copilot-instructions.md,1,8769,1773478022,8769,1773467769,1,0,1,0,
tictactoe,.github/workflows/quality.yml,1,753,1773384484,753,1773384483,1,0,1,0,
tictactoe,.github/workflows/validate.yml,1,3814,1773477750,3814,1773469718,1,0,1,0,
tictactoe,.github/instructions/01-build.instructions.md,1,3303,1773477749,3303,1773422836,1,0,1,0,
tictactoe,.github/instructions/02-frontend.instructions.md,1,3609,1773422960,3609,1773422836,1,0,1,0,
tictactoe,.github/instructions/03-electron.instructions.md,1,2918,1773477749,2918,1773422836,1,0,1,0,
tictactoe,.github/instructions/04-capacitor.instructions.md,1,2823,1773422960,2823,1773422836,1,0,1,0,
tictactoe,.github/instructions/05-wasm.instructions.md,1,3232,1773477749,3232,1773467791,1,0,1,0,
tictactoe,.github/instructions/06-responsive.instructions.md,1,11514,1773422960,11514,1773420357,1,0,1,0,
tictactoe,.github/instructions/07-ai-orchestration.instructions.md,1,10240,1773477750,10240,1773469710,1,0,1,0,
tictactoe,.github/instructions/08-input-controls.instructions.md,1,10632,1773422960,10632,1773383503,1,0,1,0,
tictactoe,.github/instructions/09-wcag-accessibility.instructions.md,1,4427,1773470255,4427,1773460491,1,0,1,0,
tictactoe,.github/instructions/10-security.instructions.md,1,3747,1773470255,3747,1773460503,1,0,1,0,
tictactoe,.github/instructions/11-performance.instructions.md,1,3700,1773470255,3700,1773460514,1,0,1,0,
tictactoe,.github/instructions/12-error-handling.instructions.md,1,3075,1773470255,3075,1773460523,1,0,1,0,
tictactoe,.github/instructions/13-mobile-gestures.instructions.md,1,3701,1773470255,3701,1773460528,1,0,1,0,
